{
  "name": "Kewbie38",
  "vendorId": "0x6B65",
  "productId": "0x0004",
  "lighting": "none",
  "matrix": {
    "rows": 4,
    "cols": 10
  },
  "layouts": {
    "keymap": [

  [
    {
      "r": 15,
      "rx": 1.2,
      "ry": 0.45,
      "x": 2.25,
      "w": 0.9,
      "h": 0.9
    },
    "0,2"
  ],
  [
    {
      "y": -0.9099999999999999,
      "x": 1.3499999999999999,
      "w": 0.9,
      "h": 0.9
    },
    "0,1",
    {
      "x": 0.8999999999999995,
      "w": 0.9,
      "h": 0.9
    },
    "0,3"
  ],
  [
    {
      "y": -0.86,
      "x": 0.44999999999999996,
      "w": 0.9,
      "h": 0.9
    },
    "0,0",
    {
      "x": 2.7,
      "w": 0.9,
      "h": 0.9
    },
    "0,4"
  ],
  [
    {
      "y": -0.33000000000000007,
      "x": 2.25,
      "w": 0.9,
      "h": 0.9
    },
    "1,2"
  ],
  [
    {
      "y": -0.9100000000000001,
      "x": 1.3499999999999999,
      "w": 0.9,
      "h": 0.9
    },
    "1,1",
    {
      "x": 0.8999999999999995,
      "w": 0.9,
      "h": 0.9
    },
    "1,3"
  ],
  [
    {
      "y": -0.8599999999999999,
      "x": 0.44999999999999996,
      "w": 0.9,
      "h": 0.9
    },
    "1,0",
    {
      "x": 2.7,
      "w": 0.9,
      "h": 0.9
    },
    "1,4"
  ],
  [
    {
      "y": -0.33000000000000007,
      "x": 2.25,
      "w": 0.9,
      "h": 0.9
    },
    "2,2"
  ],
  [
    {
      "y": -0.9100000000000001,
      "x": 1.3499999999999999,
      "w": 0.9,
      "h": 0.9
    },
    "2,1",
    {
      "x": 0.8999999999999995,
      "w": 0.9,
      "h": 0.9
    },
    "2,3"
  ],
  [
    {
      "y": -0.8599999999999999,
      "x": 0.44999999999999996,
      "w": 0.9,
      "h": 0.9
    },
    "2,0",
    {
      "x": 2.7,
      "w": 0.9,
      "h": 0.9
    },
    "2,4"
  ],
  [
    {
      "y": -0.23999999999999977,
      "x": 1.8299999999999998,
      "w": 0.9,
      "h": 0.9
    },
    "3,1"
  ],
  [
    {
      "y": -0.8600000000000003,
      "x": 2.7300000000000004,
      "w": 0.9,
      "h": 0.9
    },
    "3,2"
  ],
  [
    {
      "y": -0.8599999999999999,
      "x": 3.63,
      "w": 0.9,
      "h": 0.9
    },
    "3,3"
  ],
  [
    {
      "r": 45,
      "rx": 6.745,
      "ry": 3.95,
      "y": -0.20000000000000018,
      "x": 0.8250000000000002,
      "w": 1.35,
      "h": 0.9
    },
    "3,5"
  ],
  [
    {
      "r": -45,
      "rx": 6.405,
      "y": -0.20000000000000018,
      "x": -2.175,
      "w": 1.35,
      "h": 0.9
    },
    "3,4"
  ],
  [
    {
      "r": -15,
      "rx": 11.95,
      "ry": 0.45,
      "x": -3.1499999999999986,
      "w": 0.9,
      "h": 0.9
    },
    "0,7"
  ],
  [
    {
      "y": -0.9099999999999999,
      "x": -4.049999999999999,
      "w": 0.9,
      "h": 0.9
    },
    "0,6",
    {
      "x": 0.8999999999999986,
      "w": 0.9,
      "h": 0.9
    },
    "0,8"
  ],
  [
    {
      "y": -0.86,
      "x": -4.949999999999999,
      "w": 0.9,
      "h": 0.9
    },
    "0,5",
    {
      "x": 2.6999999999999993,
      "w": 0.9,
      "h": 0.9
    },
    "0,9"
  ],
  [
    {
      "y": -0.33000000000000007,
      "x": -3.1499999999999986,
      "w": 0.9,
      "h": 0.9
    },
    "1,7"
  ],
  [
    {
      "y": -0.9100000000000001,
      "x": -4.049999999999999,
      "w": 0.9,
      "h": 0.9
    },
    "1,6",
    {
      "x": 0.8999999999999986,
      "w": 0.9,
      "h": 0.9
    },
    "1,8"
  ],
  [
    {
      "y": -0.8599999999999999,
      "x": -4.949999999999999,
      "w": 0.9,
      "h": 0.9
    },
    "1,5",
    {
      "x": 2.6999999999999993,
      "w": 0.9,
      "h": 0.9
    },
    "1,9"
  ],
  [
    {
      "y": -0.33000000000000007,
      "x": -3.1499999999999986,
      "w": 0.9,
      "h": 0.9
    },
    "2,7"
  ],
  [
    {
      "y": -0.9100000000000001,
      "x": -4.049999999999999,
      "w": 0.9,
      "h": 0.9
    },
    "2,6",
    {
      "x": 0.8999999999999986,
      "w": 0.9,
      "h": 0.9
    },
    "2,8"
  ],
  [
    {
      "y": -0.8599999999999999,
      "x": -4.949999999999999,
      "w": 0.9,
      "h": 0.9
    },
    "2,5",
    {
      "x": 2.6999999999999993,
      "w": 0.9,
      "h": 0.9
    },
    "2,9"
  ],
  [
    {
      "y": -0.23999999999999977,
      "x": -2.7299999999999986,
      "w": 0.9,
      "h": 0.9
    },
    "3,8"
  ],
  [
    {
      "y": -0.8600000000000003,
      "x": -3.629999999999999,
      "w": 0.9,
      "h": 0.9
    },
    "3,7"
  ],
  [
    {
      "y": -0.8599999999999999,
      "x": -4.529999999999999,
      "w": 0.9,
      "h": 0.9
    },
    "3,6"
  ]
    ]
  }
}
